movieId,title
1,Movie 1
2,Movie 2
3,Movie 3
4,Movie 4
5,Movie 5
6,Movie 6
7,Movie 7
8,Movie 8
9,Movie 9
10,Movie 10
11,Movie 11
12,Movie 12
13,Movie 13
14,Movie 14
15,Movie 15
16,Movie 16
17,Movie 17
18,Movie 18
19,Movie 19
20,Movie 20
21,Movie 21
22,Movie 22
23,Movie 23
24,Movie 24
25,Movie 25
26,Movie 26
27,Movie 27
28,Movie 28
29,Movie 29
30,Movie 30
31,Movie 31
32,Movie 32
33,Movie 33
34,Movie 34
35,Movie 35
36,Movie 36
37,Movie 37
38,Movie 38
39,Movie 39
40,Movie 40
41,Movie 41
42,Movie 42
43,Movie 43
44,Movie 44
45,Movie 45
46,Movie 46
47,Movie 47
48,Movie 48
49,Movie 49
50,Movie 50
51,Movie 51
52,Movie 52
53,Movie 53
54,Movie 54
55,Movie 55
56,Movie 56
57,Movie 57
58,Movie 58
59,Movie 59
60,Movie 60
61,Movie 61
62,Movie 62
63,Movie 63
64,Movie 64
65,Movie 65
66,Movie 66
67,Movie 67
68,Movie 68
69,Movie 69
70,Movie 70
71,Movie 71
72,Movie 72
73,Movie 73
74,Movie 74
75,Movie 75
76,Movie 76
77,Movie 77
78,Movie 78
79,Movie 79
80,Movie 80
81,Movie 81
82,Movie 82
83,Movie 83
84,Movie 84
85,Movie 85
86,Movie 86
87,Movie 87
88,Movie 88
89,Movie 89
90,Movie 90
91,Movie 91
92,Movie 92
93,Movie 93
94,Movie 94
95,Movie 95
96,Movie 96
97,Movie 97
98,Movie 98
99,Movie 99
100,Movie 100
101,Movie 101
102,Movie 102
103,Movie 103
104,Movie 104
105,Movie 105
106,Movie 106
107,Movie 107
108,Movie 108
109,Movie 109
110,Movie 110
111,Movie 111
112,Movie 112
113,Movie 113
114,Movie 114
115,Movie 115
116,Movie 116
117,Movie 117
118,Movie 118
119,Movie 119
120,Movie 120
121,Movie 121
122,Movie 122
123,Movie 123
124,Movie 124
125,Movie 125
126,Movie 126
127,Movie 127
128,Movie 128
129,Movie 129
130,Movie 130
131,Movie 131
132,Movie 132
133,Movie 133
134,Movie 134
135,Movie 135
136,Movie 136
137,Movie 137
138,Movie 138
139,Movie 139
140,Movie 140
141,Movie 141
142,Movie 142
143,Movie 143
144,Movie 144
145,Movie 145
146,Movie 146
147,Movie 147
148,Movie 148
149,Movie 149
150,Movie 150
